Symbol,Name,Sector,SubIndustry,Headquarters_Location,Date_First_Added,CIK,Founded
MMM,3M Company,Industrials,Industrial Conglomerates,"St. Paul, Minnesota",,0000066740,1902\n
AOS,A.O. Smith Corp,Industrials,Building Products,"Milwaukee, Wisconsin",2017-07-26,0000091142,1916\n
ABT,Abbott Laboratories,Health Care,Health Care Equipment,"North Chicago, Illinois",1964-03-31,0000001800,1888\n
ABBV,AbbVie Inc.,Health Care,Pharmaceuticals,"North Chicago, Illinois",2012-12-31,0001551152,2013 (1888)\n
ABMD,ABIOMED Inc,Health Care,Health Care Equipment,"Danvers, Massachusetts",2018-05-31,0000815094,1981\n
ACN,Accenture plc,Information Technology,IT Consulting & Other Services,"Dublin, Ireland",2011-07-06,0001467373,1989\n
ATVI,Activision Blizzard,Communication Services,Interactive Home Entertainment,"Santa Monica, California",2015-08-31,0000718877,2008\n
ADBE,Adobe Systems Inc,Information Technology,Application Software,"San Jose, California",1997-05-05,0000796343,1982\n
AAP,Advance Auto Parts,Consumer Discretionary,Automotive Retail,"Raleigh, North Carolina",2015-07-09,0001158449,1932\n
AMD,Advanced Micro Devices Inc,Information Technology,Semiconductors,"Sunnyvale, California",2017-03-20,0000002488,1969\n
AES,AES Corp,Utilities,Independent Power Producers & Energy Traders,"Arlington, Virginia",1998-10-02,0000874761,1981\n
AMG,Affiliated Managers Group Inc,Financials,Asset Management & Custody Banks,"West Palm Beach, Florida",2014-07-01,0001004434,1993\n
AFL,AFLAC Inc,Financials,Life & Health Insurance,"Columbus, Georgia",1999-05-28,0000004977,1955\n
A,Agilent Technologies Inc,Health Care,Health Care Equipment,"Santa Clara, California",2000-06-05,0001090872,1999\n
APD,Air Products & Chemicals Inc,Materials,Industrial Gases,"Allentown, Pennsylvania",1985-04-30,0000002969,1940\n
AKAM,Akamai Technologies Inc,Information Technology,Internet Services & Infrastructure,"Cambridge, Massachusetts",2007-07-12,0001086222,1998\n
ALK,Alaska Air Group Inc,Industrials,Airlines,"Seattle, Washington",2016-05-13,0000766421,1985\n
ALB,Albemarle Corp,Materials,Specialty Chemicals,"Charlotte, North Carolina",2016-07-01,0000915913,1994\n
ARE,Alexandria Real Estate Equities,Real Estate,Office REITs,"Pasadena, California",2017-03-20,0001035443,1994\n
ALXN,Alexion Pharmaceuticals,Health Care,Biotechnology,"Boston, Massachusetts",2012-05-25,0000899866,1992\n
ALGN,Align Technology,Health Care,Health Care Supplies,"San Jose, California",2017-06-19,0001097149,1997\n
ALLE,Allegion,Industrials,Building Products,"Dublin, Ireland",2013-12-02,0001579241,1908\n
AGN,"Allergan, Plc",Health Care,Pharmaceuticals,"Dublin, Ireland",1999-04-12,0001578845,1983\n
ADS,Alliance Data Systems,Information Technology,Data Processing & Outsourced Services,"Plano, Texas",2013-12-23,0001101215,1996\n
LNT,Alliant Energy Corp,Utilities,Electric Utilities,"Madison, Wisconsin",2016-07-01,0000352541,1917\n
ALL,Allstate Corp,Financials,Property & Casualty Insurance,"Northfield Township, Illinois",1995-07-13,0000899051,1931\n
GOOGL,Alphabet Inc Class A,Communication Services,Interactive Media & Services,"Mountain View, California",2014-04-03,0001652044,1998\n
GOOG,Alphabet Inc Class C,Communication Services,Interactive Media & Services,"Mountain View, California",2006-04-03,0001652044,1998\n
MO,Altria Group Inc,Consumer Staples,Tobacco,"Richmond, Virginia",,0000764180,1985\n
AMZN,Amazon.com Inc.,Consumer Discretionary,Internet & Direct Marketing Retail,"Seattle, Washington",2005-11-18,0001018724,1994\n
AEE,Ameren Corp,Utilities,Multi-Utilities,"St. Louis, Missouri",1991-09-19,0001002910,1902\n
AAL,American Airlines Group,Industrials,Airlines,"Fort Worth, Texas",2015-03-23,0000006201,1934\n
AEP,American Electric Power,Utilities,Electric Utilities,"Columbus, Ohio",,0000004904,1906\n
AXP,American Express Co,Financials,Consumer Finance,"New York, New York",1976-06-30,0000004962,1850\n
AIG,American International Group,Financials,Property & Casualty Insurance,"New York, New York",1980-03-31,0000005272,1919\n
AMT,American Tower Corp.,Real Estate,Specialized REITs,"Boston, Massachusetts",2007-11-19,0001053507,1995\n
AWK,American Water Works Company Inc,Utilities,Water Utilities,"Voorhees, New Jersey",2016-03-04,0001410636,1886\n
AMP,Ameriprise Financial,Financials,Asset Management & Custody Banks,"Minneapolis, Minnesota",2005-10-03,0000820027,1894\n
ABC,AmerisourceBergen Corp,Health Care,Health Care Distributors,"Chesterbrook, Pennsylvania",2001-08-30,0001140859,1985\n
AME,AMETEK Inc.,Industrials,Electrical Components & Equipment,"Berwyn, Pennsylvania",2013-09-23,0001037868,1930\n
AMGN,Amgen Inc.,Health Care,Biotechnology,"Thousand Oaks, California",1992-01-02,0000318154,1980\n
APH,Amphenol Corp,Information Technology,Electronic Components,"Wallingford, Connecticut",2008-09-30,0000820313,1932\n
APC,Anadarko Petroleum Corp,Energy,Oil & Gas Exploration & Production,"The Woodlands, Texas",1997-07-28,0000773910,1959\n
ADI,"Analog Devices, Inc.",Information Technology,Semiconductors,"Norwood, Massachusetts",1999-10-12,0000006281,1965\n
ANSS,ANSYS,Information Technology,Application Software,"Canonsburg, Pennsylvania",2017-06-19,0001013462,1969\n
ANTM,Anthem Inc.,Health Care,Managed Health Care,"Indianapolis, Indiana",2002-07-25,0001156039,2014 (1940s)\n
AON,Aon plc,Financials,Insurance Brokers,United Kingdom,1996-04-23,0000315293,1982 (1919)\n
APA,Apache Corporation,Energy,Oil & Gas Exploration & Production,"Houston, Texas",1997-07-28,0000006769,1954\n
AIV,Apartment Investment & Management,Real Estate,Residential REITs,"Denver, Colorado",2003-03-14,0000922864,1994 (1975)\n
AAPL,Apple Inc.,Information Technology,"Technology Hardware, Storage & Peripherals","Cupertino, California",1982-11-30,0000320193,1977\n
AMAT,Applied Materials Inc.,Information Technology,Semiconductor Equipment,"Santa Clara, California",1995-03-16,0000006951,1967\n
APTV,Aptiv Plc,Consumer Discretionary,Auto Parts & Equipment,United Kingdom,2012-12-24,0001521332,1994\n
ADM,Archer-Daniels-Midland Co,Consumer Staples,Agricultural Products,"Chicago, Illinois",1981-07-29,0000007084,1902\n
ARNC,Arconic Inc.,Industrials,Aerospace & Defense,"New York, New York",1964-03-31,0000004281,2016\n
ANET,Arista Networks,Information Technology,Communications Equipment,"Santa Clara, California",2018-08-28,0001596532,2004\n
AJG,Arthur J. Gallagher & Co.,Financials,Insurance Brokers,"Itasca, Illinois",2016-05-31,0000354190,2004\n
AIZ,Assurant,Financials,Multi-line Insurance,"New York, New York",2007-04-10,0001267238,2004\n
T,AT&T Inc.,Communication Services,Integrated Telecommunication Services,"Dallas, Texas",1983-11-30,0000732717,1983\n
ATO,Atmos Energy Corp,Utilities,Gas Utilities,"Dallas, Texas",2019-02-15,0000731802,1906\n
ADSK,Autodesk Inc.,Information Technology,Application Software,"San Rafael, California",1989-12-01,0000769397,1983\n
ADP,Automatic Data Processing,Information Technology,Internet Services & Infrastructure,"Roseland, New Jersey",1981-03-31,0000008670,1983\n
AZO,AutoZone Inc,Consumer Discretionary,Specialty Stores,"Memphis, Tennessee",1997-01-02,0000866787,1983\n
AVB,"AvalonBay Communities, Inc.",Real Estate,Residential REITs,[3],2007-01-10,0000915912,1983\n
AVY,Avery Dennison Corp,Materials,Paper Packaging,"Glendale, California",1987-12-31,0000008818,1983\n
BHGE,"Baker Hughes, a GE Company",Energy,Oil & Gas Equipment & Services,"Houston, Texas",,0001701605,2017\n
BLL,Ball Corp,Materials,Metal & Glass Containers,"Broomfield, Colorado",1984-10-31,0000009389,2017\n
BAC,Bank of America Corp,Financials,Diversified Banks,"Charlotte, North Carolina",1976-06-30,0000070858,2017\n
BAX,Baxter International Inc.,Health Care,Health Care Equipment,"Deerfield, Illinois",1972-09-30,0000010456,1931\n
BBT,BB&T Corporation,Financials,Regional Banks,"Winston-Salem, North Carolina",1997-12-04,0000092230,1931\n
BDX,Becton Dickinson,Health Care,Health Care Equipment,"Franklin Lakes, New Jersey",1972-09-30,0000010795,1897\n
BRK.B,Berkshire Hathaway,Financials,Multi-Sector Holdings,"Omaha, Nebraska",2010-02-16,0001067983,1897\n
BBY,Best Buy Co. Inc.,Consumer Discretionary,Computer & Electronics Retail,"Richfield, Minnesota",1999-06-29,0000764478,1897\n
BIIB,Biogen Inc.,Health Care,Biotechnology,"Cambridge, Massachusetts",2003-11-13,0000875045,1897\n
BLK,BlackRock,Financials,Asset Management & Custody Banks,"New York, New York",2011-04-04,0001364742,1897\n
HRB,Block H&R,Consumer Discretionary,Specialized Consumer Services,"Kansas City, Missouri",1986-11-30,0000012659,1897\n
BA,Boeing Company,Industrials,Aerospace & Defense,"Chicago, Illinois",,0000012927,1916\n
BKNG,Booking Holdings Inc,Consumer Discretionary,Internet & Direct Marketing Retail,"Norwalk, Connecticut",2009-11-06,0001075531,1916\n
BWA,BorgWarner,Consumer Discretionary,Auto Parts & Equipment,"Auburn Hills, Michigan",2011-12-19,0000908255,1916\n
BXP,Boston Properties,Real Estate,Office REITs,"Boston, Massachusetts",2006-04-03,0001037540,1916\n
BSX,Boston Scientific,Health Care,Health Care Equipment,[4],1995-02-24,0000885725,1916\n
BMY,Bristol-Myers Squibb,Health Care,Health Care Distributors,"New York, New York",,0000014272,1989\n
AVGO,Broadcom Inc.,Information Technology,Semiconductors,"San Jose, California",2014-05-08,0001730168,1989\n
BR,Broadridge Financial Solutions,Information Technology,Data Processing & Outsourced Services,"Lake Success, New York",2018-06-18,0001383312,1962\n
BF.B,Brown-Forman Corp.,Consumer Staples,Distillers & Vintners,"Louisville, Kentucky",1982-10-31,0000014693,1962\n
CHRW,C. H. Robinson Worldwide,Industrials,Air Freight & Logistics,"Eden Prairie, Minnesota",2007-03-02,0001043277,1962\n
COG,Cabot Oil & Gas,Energy,Oil & Gas Exploration & Production,"Houston, Texas",2008-06-23,0000858470,1962\n
CDNS,Cadence Design Systems,Information Technology,Application Software,"San Jose, California",2017-09-18,0000813672,1962\n
CPB,Campbell Soup,Consumer Staples,Packaged Foods & Meats,"Camden, New Jersey",,0000016732,1869\n
COF,Capital One Financial,Financials,Consumer Finance,"Tysons Corner, Virginia",1998-07-01,0000927628,1935\n
CPRI,Capri Holdings,Consumer Discretionary,"Apparel, Accessories & Luxury Goods","New York, New York",2013-11-13,0001530721,1935\n
CAH,Cardinal Health Inc.,Health Care,Health Care Distributors,"Dublin, Ohio",1997-05-27,0000721371,1935\n
KMX,Carmax Inc,Consumer Discretionary,Specialty Stores,"Richmond, Virginia",2010-06-28,0001170010,1935\n
CCL,Carnival Corp.,Consumer Discretionary,"Hotels, Resorts & Cruise Lines","Miami, Florida",1998-12-22,0000815097,1935\n
CAT,Caterpillar Inc.,Industrials,Construction Machinery & Heavy Trucks,"Deerfield, Illinois",,0000018230,1925\n
CBOE,Cboe Global Markets,Financials,Financial Exchanges & Data,"Chicago, Illinois",2017-03-01,0001374310,1925\n
CBRE,CBRE Group,Real Estate,Real Estate Services,"Los Angeles, California",2006-11-10,0001138118,1925\n
CBS,CBS Corp.,Communication Services,Broadcasting,"New York, New York",1994-09-01,0000813828,2006\n
CE,Celanese,Materials,Specialty Chemicals,"Irving, Texas",2018-12-24,0001306830,2006\n
CELG,Celgene Corp.,Health Care,Biotechnology,"Summit, New Jersey",2006-11-06,0000816284,2006\n
CNC,Centene Corporation,Health Care,Managed Health Care,"St Louis, Missouri",2016-03-30,0001071739,2006\n
CNP,CenterPoint Energy,Utilities,Multi-Utilities,"Houston, Texas",1985-07-31,0001130310,2006\n
CTL,CenturyLink Inc,Communication Services,Integrated Telecommunication Services,"Monroe, Louisiana",1999-03-25,0000018926,2006\n
CERN,Cerner,Health Care,Health Care Technology,"North Kansas City, Missouri",2010-04-30,0000804753,2006\n
CF,CF Industries Holdings Inc,Materials,Fertilizers & Agricultural Chemicals,"Deerfield, Illinois",2008-08-27,0001324404,2006\n
SCHW,Charles Schwab Corporation,Financials,Investment Banking & Brokerage,"San Francisco, California",1997-06-02,0000316709,2006\n
CHTR,Charter Communications,Communication Services,Cable & Satellite,"Stamford, Connecticut",2016-09-08,0001091667,2006\n
CVX,Chevron Corp.,Energy,Integrated Oil & Gas,"San Ramon, California",,0000093410,1879\n
CMG,Chipotle Mexican Grill,Consumer Discretionary,Restaurants,"Newport Beach, California",2011-04-28,0001058090,1879\n
CB,Chubb Limited,Financials,Property & Casualty Insurance,"Zurich, Switzerland",2010-07-15,0000896159,1879\n
CHD,Church & Dwight,Consumer Staples,Household Products,"Ewing, New Jersey",2015-12-29,0000313927,1879\n
CI,CIGNA Corp.,Health Care,Managed Health Care,"Bloomfield, Connecticut",1976-06-30,0000701221,1879\n
XEC,Cimarex Energy,Energy,Oil & Gas Exploration & Production,"Denver, Colorado",2014-06-21,0001168054,1879\n
CINF,Cincinnati Financial,Financials,Property & Casualty Insurance,"Fairfield, Ohio",1997-12-18,0000020286,1879\n
CTAS,Cintas Corporation,Industrials,Diversified Support Services,"Mason, Ohio",2001-03-01,0000723254,1879\n
CSCO,Cisco Systems,Information Technology,Communications Equipment,"San Jose, California",1993-12-01,0000858877,1879\n
C,Citigroup Inc.,Financials,Diversified Banks,"New York, New York",1988-05-31,0000831001,1879\n
CFG,Citizens Financial Group,Financials,Regional Banks,"Providence, Rhode Island",2016-01-29,0000759944,1879\n
CTXS,Citrix Systems,Information Technology,Internet Software & Services,"Fort Lauderdale, Florida",1999-12-01,0000877890,1879\n
CME,CME Group Inc.,Financials,Financial Exchanges & Data,"Chicago, Illinois",2006-08-11,0001156375,1913\n
CMS,CMS Energy,Utilities,Multi-Utilities,"Jackson, Michigan",1999-05-03,0000811156,1913\n
KO,Coca-Cola Company,Consumer Staples,Soft Drinks,"Atlanta, Georgia",,0000021344,1886\n
CTSH,Cognizant Technology Solutions,Information Technology,IT Consulting & Other Services,"Teaneck, New Jersey",2006-11-17,0001058290,1886\n
CL,Colgate-Palmolive,Consumer Staples,Household Products,"New York, New York",,0000021665,1806\n
CMCSA,Comcast Corp.,Communication Services,Cable & Satellite,"Philadelphia, Pennsylvania",2015-09-18,0001166691,1806\n
CMA,Comerica Inc.,Financials,Diversified Banks,"Dallas, Texas",1995-12-01,0000028412,1806\n
CAG,Conagra Brands,Consumer Staples,Packaged Foods & Meats,"Chicago, Illinois",1983-08-31,0000023217,1806\n
CXO,Concho Resources,Energy,Oil & Gas Exploration & Production,"Midland, Texas",2016-02-22,0001358071,1806\n
COP,ConocoPhillips,Energy,Oil & Gas Exploration & Production,"Houston, Texas",,0001163165,2002\n
ED,Consolidated Edison,Utilities,Electric Utilities,"New York, New York",,0001047862,1823\n
STZ,Constellation Brands,Consumer Staples,Distillers & Vintners,"Victor, New York",2005-07-01,0000016918,1823\n
CPRT,Copart Inc,Industrials,Diversified Support Services,"Dallas, Texas",2018-07-02,0000900075,1823\n
GLW,Corning Inc.,Information Technology,Electronic Components,"Corning, New York",,0000024741,1851\n
COST,Costco Wholesale Corp.,Consumer Staples,Hypermarkets & Super Centers,"Issaquah, Washington",1993-10-01,0000909832,1851\n
COTY,"Coty, Inc",Consumer Staples,Personal Products,"New York, New York",2016-10-03,0001024305,1851\n
CCI,Crown Castle International Corp.,Real Estate,Specialized REITs,"Houston, Texas",2012-03-14,0001051470,1851\n
CSX,CSX Corp.,Industrials,Railroads,"Jacksonville, Florida",1967-09-30,0000277948,1980\n
CMI,Cummins Inc.,Industrials,Industrial Machinery,"Columbus, Indiana",1965-03-31,0000026172,1919\n
CVS,CVS Health,Health Care,Health Care Services,"Woonsocket, Rhode Island",,0000064803,1996\n
DHI,D. R. Horton,Consumer Discretionary,Homebuilding,"Fort Worth, Texas",,0000882184,1978\n
DHR,Danaher Corp.,Health Care,Health Care Equipment,"Washington, D.C.",,0000313616,1969\n
DRI,Darden Restaurants,Consumer Discretionary,Restaurants,"Orlando, Florida",,0000940944,1938\n
DVA,DaVita Inc.,Health Care,Health Care Facilities,"Denver, Colorado",2008-07-31,0000927066,1938\n
DE,Deere & Co.,Industrials,Agricultural & Farm Machinery,"Moline, Illinois",,0000315189,1837\n
DAL,Delta Air Lines Inc.,Industrials,Airlines,"Atlanta, Georgia",2013-09-11,0000027904,1837\n
XRAY,Dentsply Sirona,Health Care,Health Care Supplies,"York, Pennsylvania",2008-11-14,0000818479,1837\n
DVN,Devon Energy,Energy,Oil & Gas Exploration & Production,"Oklahoma City, Oklahoma",2000-08-30,0001090012,1837\n
FANG,Diamondback Energy,Energy,Oil & Gas Exploration & Production,"Midland, Texas",2018-12-03,0001539838,2007\n
DLR,Digital Realty Trust Inc,Real Estate,Specialized REITs,"San Francisco, California",2016-05-18,0001297996,2007\n
DFS,Discover Financial Services,Financials,Consumer Finance,"Riverwoods, Illinois",2007-07-02,0001393612,2007\n
DISCA,Discovery Inc. Class A,Communication Services,Broadcasting,"Silver Spring, Maryland",2010-03-01,0001437107,2007\n
DISCK,Discovery Inc. Class C,Communication Services,Broadcasting,"Silver Spring, Maryland",2014-08-07,0001437107,2007\n
DISH,Dish Network,Communication Services,Cable & Satellite,"Meridian, Colorado",2017-03-13,0001001082,2007\n
DG,Dollar General,Consumer Discretionary,General Merchandise Stores,"Goodlettsville, Tennessee",2012-12-03,0000029534,2007\n
DLTR,Dollar Tree,Consumer Discretionary,General Merchandise Stores,"Chesapeake, Virginia",2011-12-19,0000935703,2007\n
D,Dominion Energy,Utilities,Electric Utilities,"Richmond, Virginia",,0000715957,1983\n
DOV,Dover Corp.,Industrials,Industrial Machinery,"Downers Grove, Illinois",1985-10-31,0000029905,1983\n
DOW,Dow Inc.,Materials,Commodity Chemicals,"Midland, Michigan",2019-04-01,0001751788,2019\n
DWDP,DowDuPont,Materials,Specialty Chemicals,"Midland, Michigan",,0001666700,2017\n
DTE,DTE Energy Co.,Utilities,Multi-Utilities,"Detroit, Michigan",,0000936340,1995\n
DUK,Duke Energy,Utilities,Electric Utilities,"Charlotte, North Carolina",1976-06-30,0001326160,1995\n
DRE,Duke Realty Corp,Real Estate,Industrial REITs,"Indianapolis, Indiana",2017-07-26,0000783280,1995\n
DXC,DXC Technology,Information Technology,IT Consulting & Other Services,"Tysons Corner, Virginia",2017-04-04,0001688568,1995\n
ETFC,E*Trade,Financials,Investment Banking & Brokerage,"New York, New York",2004-03-31,0001015780,1995\n
EMN,Eastman Chemical,Materials,Diversified Chemicals,"Kingsport, Tennessee",1994-01-01,0000915389,1995\n
ETN,Eaton Corporation,Industrials,Electrical Components & Equipment,"Dublin, Ireland",,0001551182,1911\n
EBAY,eBay Inc.,Consumer Discretionary,Internet & Direct Marketing Retail,"San Jose, California",,0001065088,1995\n
ECL,Ecolab Inc.,Materials,Specialty Chemicals,"St. Paul, Minnesota",1989-01-31,0000031462,1995\n
EIX,Edison Int\'l,Utilities,Electric Utilities,"Rosemead, California",,0000827052,1886\n
EW,Edwards Lifesciences,Health Care,Health Care Equipment,"Irvine, California",2011-04-01,0001099800,1886\n
EA,Electronic Arts,Communication Services,Interactive Home Entertainment,"Redwood City, California",2002-07-22,0000712515,1886\n
EMR,Emerson Electric Company,Industrials,Electrical Components & Equipment,"Ferguson, Missouri",1965-03-31,0000032604,1890\n
ETR,Entergy Corp.,Utilities,Electric Utilities,"New Orleans, Louisiana",,0000065984,1913\n
EOG,EOG Resources,Energy,Oil & Gas Exploration & Production,"Houston, Texas",2000-11-02,0000821189,1913\n
EFX,Equifax Inc.,Industrials,Research & Consulting Services,"Atlanta, Georgia",1997-06-19,0000033185,1913\n
EQIX,Equinix,Real Estate,Specialized REITs,"Redwood City, California",2015-03-20,0001101239,1913\n
EQR,Equity Residential,Real Estate,Residential REITs,"Chicago, Illinois",2001-12-03,0000906107,1913\n
ESS,"Essex Property Trust, Inc.",Real Estate,Residential REITs,"Palo Alto, California",2014-04-02,0000920522,1913\n
EL,Estee Lauder Cos.,Consumer Staples,Personal Products,"New York, New York",2006-01-05,0001001250,1913\n
RE,Everest Re Group Ltd.,Financials,Reinsurance,"Hamilton, Bermuda",2017-06-19,0001095073,1966\n
EVRG,Evergy,Utilities,Electric Utilities,"Kansas City, Missouri",2018-06-05,0001711269,1909\n
ES,Eversource Energy,Utilities,Multi-Utilities,"Springfield, Massachusetts",,0000072741,1966\n
EXC,Exelon Corp.,Utilities,Multi-Utilities,"Chicago, Illinois",,0001109357,2000\n
EXPE,Expedia Group,Consumer Discretionary,Internet & Direct Marketing Retail,"Bellevue, Washington",2007-10-02,0001324424,2000\n
EXPD,Expeditors,Industrials,Air Freight & Logistics,"Seattle, Washington",2007-10-10,0000746515,2000\n
EXR,Extra Space Storage,Real Estate,Specialized REITs,"Salt Lake City, Utah",2016-01-19,0001289490,2000\n
XOM,Exxon Mobil Corp.,Energy,Integrated Oil & Gas,"Irving, Texas",,0000034088,1999\n
FFIV,F5 Networks,Information Technology,Communications Equipment,"Seattle, Washington",2010-12-20,0001048695,1996\n
FB,"Facebook, Inc.",Communication Services,Interactive Media & Services,"Menlo Park, California",2013-12-23,0001326801,1996\n
FAST,Fastenal Co,Industrials,Building Products,"Winona, Minnesota",2009-09-15,0000815556,1996\n
FRT,Federal Realty Investment Trust,Real Estate,Retail REITs,"Rockville, Maryland",2016-02-01,0000034903,1996\n
FDX,FedEx Corporation,Industrials,Air Freight & Logistics,"Memphis, Tennessee",1980-12-31,0001048911,1996\n
FIS,Fidelity National Information Services,Information Technology,Internet Software & Services,"Jacksonville, Florida",2006-11-10,0001136893,1996\n
FITB,Fifth Third Bancorp,Financials,Regional Banks,"Cincinnati, Ohio",,0000035527,1858\n
FRC,First Republic Bank,Financials,Regional Banks,"San Francisco, California",2019-01-02,0001132979,1985\n
FE,FirstEnergy Corp,Utilities,Electric Utilities,"Akron, Ohio",,0001031296,1997\n
FISV,Fiserv Inc,Information Technology,Internet Software & Services,"Brookfield, Wisconsin",2001-04-02,0000798354,1985\n
FLT,FleetCor Technologies Inc,Information Technology,Data Processing & Outsources Services,"Norcross, Georgia",2018-06-20,0001175454,2000\n
FLIR,FLIR Systems,Information Technology,Electronic Equipment & Instruments,"Wilsonville, Oregon",2009-01-02,0000354908,2000\n
FLS,Flowserve Corporation,Industrials,Industrial Machinery,"Irving, Texas",2008-10-02,0000030625,2000\n
FLR,Fluor Corp.,Industrials,Construction & Engineering,"Irving, Texas",1980-03-31,0001124198,2000\n
FMC,FMC Corporation,Materials,Fertilizers & Agricultural Chemicals,"Philadelphia, Pennsylvania",2009-08-19,0000037785,2000\n
FL,Foot Locker Inc,Consumer Discretionary,Apparel Retail,"New York, New York",2016-04-04,0000850209,2000\n
F,Ford Motor,Consumer Discretionary,Automobile Manufacturers,"Dearborn, Michigan",,0000037996,1903\n
FTNT,Fortinet,Information Technology,Systems Software,"Sunnyvale, California",2018-10-11,0001262039,2000\n
FTV,Fortive Corp,Industrials,Industrial Machinery,"Everett, Washington",2016-07-01,0001659166,2000\n
FBHS,Fortune Brands Home & Security,Industrials,Building Products,"Deerfield, Illinois",2016-06-22,0001519751,2000\n
FOXA,Fox Corporation Class A,Communication Services,Movies & Entertainment,"New York, New York",2013-07-01,0001308161,2000\n
FOX,Fox Corporation Class B,Communication Services,Movies & Entertainment,"New York, New York",2015-09-18,0001308161,2000\n
BEN,Franklin Resources,Financials,Asset Management & Custody Banks,"San Mateo, California",,0000038777,1947\n
FCX,Freeport-McMoRan Inc.,Materials,Copper,"Phoenix, Arizona",,0000831259,1912\n
GPS,Gap Inc.,Consumer Discretionary,Apparel Retail,"San Francisco, California",1986-08-31,0000039911,1912\n
GRMN,Garmin Ltd.,Consumer Discretionary,Consumer Electronics,"Schaffhausen, Switzerland",2012-12-12,0001121788,1912\n
IT,Gartner Inc,Information Technology,IT Consulting & Other Services,"Stamford, Connecticut",2017-04-05,0000749251,1912\n
GD,General Dynamics,Industrials,Aerospace & Defense,"Falls Church, Virginia",,0000040533,1899\n
GE,General Electric,Industrials,Industrial Conglomerates,"Boston, Massachusetts",,0000040545,1892\n
GIS,General Mills,Consumer Staples,Packaged Foods & Meats,"Golden Valley, Minnesota",1969-03-31,0000040704,1856\n
GM,General Motors,Consumer Discretionary,Automobile Manufacturers,"Detroit, Michigan",2013-06-06,0001467858,1856\n
GPC,Genuine Parts,Consumer Discretionary,Specialty Stores,"Atlanta, Georgia",1973-12-31,0000040987,1925\n
GILD,Gilead Sciences,Health Care,Biotechnology,"Foster City, California",2004-07-01,0000882095,1925\n
GPN,Global Payments Inc.,Information Technology,Data Processing & Outsourced Services,"Atlanta, Georgia",2016-04-25,0001123360,1925\n
GS,Goldman Sachs Group,Financials,Investment Banking & Brokerage,"New York, New York",2002-07-22,0000886982,1925\n
GWW,Grainger (W.W.) Inc.,Industrials,Industrial Machinery,"Lake Forest, Illinois",1981-06-30,0000277135,1925\n
HAL,Halliburton Co.,Energy,Oil & Gas Equipment & Services,"Houston, Texas",,0000045012,1919\n
HBI,Hanesbrands Inc,Consumer Discretionary,"Apparel, Accessories & Luxury Goods","Winston-Salem, North Carolina",2015-03-20,0001359841,1919\n
HOG,Harley-Davidson,Consumer Discretionary,Motorcycle Manufacturers,"Milwaukee, Wisconsin",,0000793952,1903\n
HRS,Harris Corporation,Industrials,Aerospace & Defense,"Melbourne, Florida",2008-09-22,0000202058,1903\n
HIG,Hartford Financial Svc.Gp.,Financials,Property & Casualty Insurance,"Hartford, Connecticut",,0000874766,1903\n
HAS,Hasbro Inc.,Consumer Discretionary,Leisure Products,"Pawtucket, Rhode Island",1984-09-30,0000046080,1903\n
HCA,HCA Healthcare,Health Care,Health Care Facilities,"Nashville, Tennessee",2015-01-27,0000860730,1903\n
HCP,HCP Inc.,Real Estate,Health Care REITs,"Long Beach, California",2008-03-31,0000765880,1903\n
HP,Helmerich & Payne,Energy,Oil & Gas Drilling,[5],2010-03-01,0000046765,1903\n
HSIC,Henry Schein,Health Care,Health Care Distributors,"Melville, New York",2015-03-17,0001000228,1903\n
HES,Hess Corporation,Energy,Integrated Oil & Gas,"New York, New York",1984-05-31,0000004447,1894\n
HPE,Hewlett Packard Enterprise,Information Technology,"Technology Hardware, Storage & Peripherals","Palo Alto, California",2015-11-02,0001645590,1894\n
HLT,Hilton Worldwide Holdings Inc,Consumer Discretionary,"Hotels, Resorts & Cruise Lines","Tysons Corner, Virginia",2017-06-19,0001585689,1894\n
HFC,HollyFrontier Corp,Energy,Oil & Gas Refining & Marketing,"Dallas, Texas",2018-06-18,0000048039,1894\n
HOLX,Hologic,Health Care,Health Care Equipment,"Marlborough, Massachusetts",2016-03-30,0000859737,1894\n
HD,Home Depot,Consumer Discretionary,Home Improvement Retail,"Atlanta, Georgia",1988-03-31,0000354950,1894\n
HON,Honeywell Int\'l Inc.,Industrials,Industrial Conglomerates,"Morristown, New Jersey",1964-03-31,0000773840,1906\n
HRL,Hormel Foods Corp.,Consumer Staples,Packaged Foods & Meats,"Austin, Minnesota",2009-03-04,0000048465,1906\n
HST,Host Hotels & Resorts,Real Estate,Hotel & Resort REITs,"Bethesda, Maryland",2007-03-20,0001070750,1906\n
HPQ,HP Inc.,Information Technology,"Technology Hardware, Storage & Peripherals","Palo Alto, California",1974-12-31,0000047217,1939 (2015)\n
HUM,Humana Inc.,Health Care,Managed Health Care,"Louisville, Kentucky",,0000049071,1961\n
HBAN,Huntington Bancshares,Financials,Regional Banks,"Columbus, Ohio",,0000049196,1866\n
HII,Huntington Ingalls Industries,Industrials,Aerospace & Defense,"Newport News, Virginia",2018-01-03,0001501585,1866\n
IDXX,IDEXX Laboratories,Health Care,Health Care Equipment,"Westbrook, Maine",2017-01-05,0000874716,1866\n
INFO,IHS Markit Ltd.,Industrials,Research & Consulting Services,United Kingdom,2017-06-02,0001598014,1866\n
ITW,Illinois Tool Works,Industrials,Industrial Machinery,"Glenview, Illinois",1986-02-28,0000049826,1866\n
ILMN,Illumina Inc,Health Care,Life Sciences Tools & Services,"San Diego, California",2015-11-19,0001110803,1866\n
INCY,Incyte,Health Care,Biotechnology,"Wilmington, Delaware",2017-02-28,0000879169,1911\n
IR,Ingersoll-Rand PLC,Industrials,Industrial Machinery,"Dublin, Ireland",2010-11-17,0001466258,1866\n
INTC,Intel Corp.,Information Technology,Semiconductors,"Santa Clara, California",1976-12-31,0000050863,1866\n
ICE,Intercontinental Exchange,Financials,Financial Exchanges & Data,"Atlanta, Georgia",2007-09-26,0001571949,1866\n
IBM,International Business Machines,Information Technology,IT Consulting & Other Services,"Armonk, New York",,0000051143,1911\n
IP,International Paper,Materials,Paper Packaging,"Memphis, Tennessee",,0000051434,1898\n
IPG,Interpublic Group,Communication Services,Advertising,"New York, New York",1992-10-01,0000051644,1898\n
IFF,Intl Flavors & Fragrances,Materials,Specialty Chemicals,"New York, New York",1976-03-31,0000051253,1898\n
INTU,Intuit Inc.,Information Technology,Internet Software & Services,"Mountain View, California",2000-12-05,0000896878,1898\n
ISRG,Intuitive Surgical Inc.,Health Care,Health Care Equipment,"Sunnyvale, California",2008-06-02,0001035267,1898\n
IVZ,Invesco Ltd.,Financials,Asset Management & Custody Banks,"Atlanta, Georgia",2008-08-21,0000914208,1898\n
IPGP,IPG Photonics Corp.,Information Technology,Electronic Manufacturing Services,"Oxford, Massachusetts",2018-03-07,0001111928,1898\n
IQV,IQVIA Holdings Inc.,Health Care,Life Sciences Tools & Services,"Durham, North Carolina",2017-08-29,0001478242,1898\n
IRM,Iron Mountain Incorporated,Real Estate,Specialized REITs,"Boston, Massachusetts",2009-01-06,0001020569,1898\n
JBHT,J. B. Hunt Transport Services,Industrials,Trucking,"Lowell, Arkansas",2015-07-01,0000728535,1898\n
JKHY,Jack Henry & Associates,Information Technology,Data Processing & Outsourced Services,"Monett, Missouri",2018-11-13,0000779152,1898\n
JEC,Jacobs Engineering Group,Industrials,Construction & Engineering,"Pasadena, California",2007-10-26,0000052988,1898\n
JEF,Jefferies Financial Group,Financials,Multi-Sector Holdings,"New York, New York",2007-08-27,0000096223,1898\n
SJM,JM Smucker,Consumer Staples,Packaged Foods & Meats,"Orrville, Ohio",2008-11-06,0000091419,1898\n
JNJ,Johnson & Johnson,Health Care,Pharmaceuticals,"New Brunswick, New Jersey",1973-06-30,0000200406,1886\n
JCI,Johnson Controls International,Industrials,Building Products,"Cork, Ireland",2010-08-27,0000833444,1886\n
JPM,JPMorgan Chase & Co.,Financials,Diversified Banks,"New York, New York",1975-06-30,0000019617,1886\n
JNPR,Juniper Networks,Information Technology,Communications Equipment,"Sunnyvale, California",,0001043604,1996\n
KSU,Kansas City Southern,Industrials,Railroads,"Kansas City, Missouri",2013-05-24,0000054480,1996\n
K,Kellogg Co.,Consumer Staples,Packaged Foods & Meats,"Battle Creek, Michigan",,0000055067,1906\n
KEY,KeyCorp,Financials,Regional Banks,"Cleveland, Ohio",1994-03-01,0000091576,1906\n
KEYS,Keysight Technologies,Information Technology,Electronic Equipment & Instruments,"Santa Rosa, California",2018-11-06,0001601046,2014\n
KMB,Kimberly-Clark,Consumer Staples,Household Products,"Irving, Texas",,0000055785,1872\n
KIM,Kimco Realty,Real Estate,Retail REITs,"New Hyde Park, New York",2006-04-04,0000879101,1872\n
KMI,Kinder Morgan,Energy,Oil & Gas Storage & Transportation,"Houston, Texas",2012-05-25,0001506307,1872\n
KLAC,KLA-Tencor Corp.,Information Technology,Semiconductor Equipment,"Milpitas, California",,0000319201,1975/1977 (1997)\n
KSS,Kohl\'s Corp.,Consumer Discretionary,General Merchandise Stores,"Menomonee Falls, Wisconsin",,0000885639,1962\n
KHC,Kraft Heinz Co,Consumer Staples,Packaged Foods & Meats,"Pittsburgh, Pennsylvania",2015-07-06,0001637459,1962\n
KR,Kroger Co.,Consumer Staples,Food Retail,"Cincinnati, Ohio",,0000056873,1883\n
LB,L Brands Inc.,Consumer Discretionary,Apparel Retail,"Columbus, Ohio",1983-09-30,0000701985,1883\n
LLL,L-3 Communications Holdings,Industrials,Aerospace & Defense,"New York, New York",,0001039101,1997\n
LH,Laboratory Corp. of America Holding,Health Care,Health Care Services,"Burlington, North Carolina",2004-11-01,0000920148,1997\n
LRCX,Lam Research,Information Technology,Semiconductor Equipment,"Fremont, California",2012-06-29,0000707549,1997\n
LW,Lamb Weston Holdings Inc,Consumer Staples,Packaged Foods & Meats,"Eagle, Idaho",2018-12-03,0001679273,1997\n
LEG,Leggett & Platt,Consumer Discretionary,Home Furnishings,"Carthage, Missouri",,0000058492,1883\n
LEN,Lennar Corp.,Consumer Discretionary,Homebuilding,"Miami, Florida",2005-10-04,0000920760,1883\n
LLY,Lilly (Eli) & Co.,Health Care,Pharmaceuticals,"Indianapolis, Indiana",1970-12-31,0000059478,1876\n
LNC,Lincoln National,Financials,Multi-line Insurance,"Radnor, Pennsylvania",1976-06-30,0000059558,1876\n
LIN,Linde plc,Materials,Industrial Gases,", Surrey, United Kingdom",1992-07-01,0001707925,1876\n
LKQ,LKQ Corporation,Consumer Discretionary,Distributors,"Chicago, Illinois",2016-05-23,0001065696,1876\n
LMT,Lockheed Martin Corp.,Industrials,Aerospace & Defense,"Bethesda, Maryland",1984-07-31,0000936468,1876\n
L,Loews Corp.,Financials,Multi-line Insurance,"New York, New York",,0000060086,1876\n
LOW,Lowe\'s Cos.,Consumer Discretionary,Home Improvement Retail,"Mooresville, North Carolina",1984-02-29,0000060667,1904/1946/1959\n
LYB,LyondellBasell,Materials,Specialty Chemicals,"Rotterdam, Netherlands",2012-09-05,0001489393,1904/1946/1959\n
MTB,M&T Bank Corp.,Financials,Regional Banks,"Buffalo, New York",,0000036270,1856\n
MAC,Macerich,Real Estate,Retail REITs,"Santa Monica, California",2013-05-09,0000912242,1856\n
M,Macy\'s Inc.,Consumer Discretionary,Department Stores,"Cincinnati, Ohio",,0000794367,1929\n
MRO,Marathon Oil Corp.,Energy,Oil & Gas Exploration & Production,"Houston, Texas",1991-05-01,0000101778,1929\n
MPC,Marathon Petroleum,Energy,Oil & Gas Refining & Marketing,"Findlay, Ohio",2011-07-01,0001510295,1929\n
MAR,Marriott Int\'l.,Consumer Discretionary,"Hotels, Resorts & Cruise Lines","Bethesda, Maryland",,0001048286,1927\n
MMC,Marsh & McLennan,Financials,Insurance Brokers,"New York, New York",1987-08-31,0000062709,1927\n
MLM,Martin Marietta Materials,Materials,Construction Materials,"Raleigh, North Carolina",2014-07-02,0000916076,1927\n
MAS,Masco Corp.,Industrials,Building Products,"Taylor, Michigan",1981-06-30,0000062996,1927\n
MA,Mastercard Inc.,Information Technology,IT Services,"Harrison, New York",2008-07-18,0001141391,1927\n
MAT,Mattel Inc.,Consumer Discretionary,Leisure Products,"El Segundo, California",1982-03-31,0000063276,1927\n
MXIM,Maxim Integrated Products Inc,Information Technology,Semiconductors,"San Jose, California",2018-12-03,0000743316,1983\n
MKC,McCormick & Co.,Consumer Staples,Packaged Foods & Meats,"Sparks, Maryland",,0000063754,1889\n
MCD,McDonald\'s Corp.,Consumer Discretionary,Restaurants,"Chicago, Illinois",1970-06-30,0000063908,1940\n
MCK,McKesson Corp.,Health Care,Health Care Distributors,"San Francisco, California",,0000927653,1833\n
MDT,Medtronic plc,Health Care,Health Care Equipment,Ireland,1986-10-31,0001613103,1833\n
MRK,Merck & Co.,Health Care,Pharmaceuticals,"Whitehouse Station, New Jersey",,0000310158,1891\n
MET,MetLife Inc.,Financials,Life & Health Insurance,"New York, New York",,0001099219,1868\n
MTD,Mettler Toledo,Health Care,Life Sciences Tools & Services,"Columbus, Ohio",2016-09-06,0001037646,1868\n
MGM,MGM Resorts International,Consumer Discretionary,Casinos & Gaming,"Paradise, Nevada",2017-07-26,0000789570,1868\n
MCHP,Microchip Technology,Information Technology,Semiconductors,"Chandler, Arizona",2007-09-07,0000827054,1868\n
MU,Micron Technology,Information Technology,Semiconductors,"Boise, Idaho",1994-09-27,0000723125,1868\n
MSFT,Microsoft Corp.,Information Technology,Systems Software,"Redmond, Washington",1994-06-01,0000789019,1975\n
MAA,Mid-America Apartments,Real Estate,Residential REITs,"Memphis, Tennessee",2016-12-02,0000912595,1975\n
MHK,Mohawk Industries,Consumer Discretionary,Home Furnishings,"Amsterdam, New York",2013-12-23,0000851968,1975\n
TAP,Molson Coors Brewing Company,Consumer Staples,Brewers,"Denver, Colorado",1976-06-30,0000024545,1975\n
MDLZ,Mondelez International,Consumer Staples,Packaged Foods & Meats,"Deerfield, Illinois",2012-10-02,0001103982,1975\n
MNST,Monster Beverage,Consumer Staples,Soft Drinks,"Corona, California",2012-06-28,0000865752,1975\n
MCO,Moody\'s Corp,Financials,Financial Exchanges & Data,"New York, New York",,0001059556,1909\n
MS,Morgan Stanley,Financials,Investment Banking & Brokerage,"New York, New York",,0000895421,1935\n
MSI,Motorola Solutions Inc.,Information Technology,Communications Equipment,"Schaumburg, Illinois",,0000068505,1928 (2011)\n
MSCI,MSCI Inc,Financials,Financial Exchanges & Data,"New York, New York",2018-04-04,0001408198,1928 (2011)\n
MYL,Mylan N.V.,Health Care,Pharmaceuticals,Netherlands,2004-04-23,0001623613,1928 (2011)\n
NDAQ,"Nasdaq, Inc.",Financials,Financial Exchanges & Data,"New York, New York",2008-10-22,0001120193,1928 (2011)\n
NOV,National Oilwell Varco Inc.,Energy,Oil & Gas Equipment & Services,"Houston, Texas",2005-03-14,0001021860,1928 (2011)\n
NKTR,Nektar Therapeutics,Health Care,Pharmaceuticals,"San Francisco, California",2018-03-19,0000906709,1928 (2011)\n
NTAP,NetApp,Information Technology,Internet Software & Services,"Sunnyvale, California",1999-06-25,0001002047,1928 (2011)\n
NFLX,Netflix Inc.,Communication Services,Movies & Entertainment,"Los Gatos, California",2010-12-20,0001065280,1997\n
NWL,Newell Brands,Consumer Discretionary,Housewares & Specialties,"Hoboken, New Jersey",1989-04-30,0000814453,1997\n
NEM,Newmont Goldcorp,Materials,Gold,"Denver, Colorado",1969-06-30,0001164727,1921\n
NWSA,News Corp. Class A,Communication Services,Publishing,"New York, New York",2013-08-01,0001564708,1921\n
NWS,News Corp. Class B,Communication Services,Publishing,"New York, New York",2015-09-18,0001564708,1921\n
NEE,NextEra Energy,Utilities,Multi-Utilities,"Juno Beach, Florida",1976-06-30,0000753308,1921\n
NLSN,Nielsen Holdings,Industrials,Research & Consulting Services,"New York, New York",2013-07-09,0001492633,1921\n
NKE,Nike,Consumer Discretionary,"Apparel, Accessories & Luxury Goods","Washington County, Oregon",1988-11-30,0000320187,1921\n
NI,NiSource Inc.,Utilities,Multi-Utilities,"Merrillville, Indiana",,0001111711,1912\n
NBL,Noble Energy Inc,Energy,Oil & Gas Exploration & Production,"Houston, Texas",2007-10-08,0000072207,1912\n
JWN,Nordstrom,Consumer Discretionary,Department Stores,"Seattle, Washington",1986-08-31,0000072333,1912\n
NSC,Norfolk Southern Corp.,Industrials,Railroads,"Norfolk, Virginia",,0000702165,1881/1894 (1980)\n
NTRS,Northern Trust Corp.,Financials,Asset Management & Custody Banks,"Chicago, Illinois",,0000073124,1889\n
NOC,Northrop Grumman,Industrials,Aerospace & Defense,"West Falls Church, Virginia",1985-06-30,0001133421,1889\n
NCLH,Norwegian Cruise Line Holdings,Consumer Discretionary,"Hotels, Resorts & Cruise Lines","Miami, Florida",2017-10-13,0001513761,1889\n
NRG,NRG Energy,Utilities,Independent Power Producers & Energy Traders,"Princeton, New Jersey",2010-01-29,0001013871,1889\n
NUE,Nucor Corp.,Materials,Steel,"Charlotte, North Carolina",1985-04-30,0000073309,1889\n
NVDA,Nvidia Corporation,Information Technology,Semiconductors,"Santa Clara, California",2001-11-30,0001045810,1889\n
ORLY,O\'Reilly Automotive,Consumer Discretionary,Specialty Stores,"Springfield, Missouri",2009-03-27,0000898173,1889\n
OXY,Occidental Petroleum,Energy,Oil & Gas Exploration & Production,"Houston, Texas",1982-12-31,0000797468,1889\n
OMC,Omnicom Group,Communication Services,Advertising,"New York, New York",,0000029989,1986\n
OKE,ONEOK,Energy,Oil & Gas Storage & Transportation,"Tulsa, Oklahoma",2010-03-15,0001039684,1986\n
ORCL,Oracle Corp.,Information Technology,Application Software,"Redwood Shores, California",1989-08-31,0001341439,1986\n
PCAR,PACCAR Inc.,Industrials,Construction Machinery & Heavy Trucks,"Bellevue, Washington",1980-12-31,0000075362,1986\n
PKG,Packaging Corporation of America,Materials,Paper Packaging,"Lake Forest, Illinois",2017-07-26,0000075677,1986\n
PH,Parker-Hannifin,Industrials,Industrial Machinery,"Cleveland, Ohio",1985-11-30,0000076334,1986\n
PAYX,Paychex Inc.,Information Technology,Internet Software & Services,"Penfield, New York",,0000723531,1971\n
PYPL,PayPal,Information Technology,Data Processing & Outsourced Services,"San Jose, California",2015-07-20,0001633917,1971\n
PNR,Pentair plc,Industrials,Industrial Machinery,"Worsley, UK",2012-10-01,0000077360,1971\n
PBCT,People\'s United Financial,Financials,Thrifts & Mortgage Finance,"Bridgeport, Connecticut",2008-11-13,0001378946,1971\n
PEP,PepsiCo Inc.,Consumer Staples,Soft Drinks,"Purchase, New York",,0000077476,1898\n
PKI,PerkinElmer,Health Care,Health Care Equipment,"Waltham, Massachusetts",1985-05-31,0000031791,1898\n
PRGO,Perrigo,Health Care,Pharmaceuticals,"Dublin, Ireland",2011-12-19,0001585364,1898\n
PFE,Pfizer Inc.,Health Care,Pharmaceuticals,"New York, New York",,0000078003,1849\n
PM,Philip Morris International,Consumer Staples,Tobacco,"New York, New York",2008-03-31,0001413329,1849\n
PSX,Phillips 66,Energy,Oil & Gas Refining & Marketing,"Houston, Texas",2012-05-01,0001534701,1849\n
PNW,Pinnacle West Capital,Utilities,Multi-Utilities,"Phoenix, Arizona",,0000764622,1985\n
PXD,Pioneer Natural Resources,Energy,Oil & Gas Exploration & Production,"Irving, Texas",2008-09-24,0001038357,1985\n
PNC,PNC Financial Services,Financials,Regional Banks,"Pittsburgh, Pennsylvania",1988-04-30,0000713676,1985\n
PPG,PPG Industries,Materials,Specialty Chemicals,"Pittsburgh, Pennsylvania",,0000079879,1883\n
PPL,PPL Corp.,Utilities,Electric Utilities,"Allentown, Pennsylvania",,0000922224,1883\n
PFG,Principal Financial Group,Financials,Life & Health Insurance,"Des Moines, Iowa",2002-07-22,0001126328,1883\n
PG,Procter & Gamble,Consumer Staples,Personal Products,"Cincinnati, Ohio",,0000080424,1837\n
PGR,Progressive Corp.,Financials,Property & Casualty Insurance,"Mayfield Village, Ohio",1997-08-04,0000080661,1837\n
PLD,Prologis,Real Estate,Industrial REITs,"San Francisco, California",2003-07-17,0001045609,1837\n
PRU,Prudential Financial,Financials,Life & Health Insurance,"Newark, New Jersey",2002-07-22,0001137774,1837\n
PEG,Public Serv. Enterprise Inc.,Utilities,Electric Utilities,"Newark, New Jersey",,0000788784,1837\n
PSA,Public Storage,Real Estate,Specialized REITs,"Glendale, California",2005-08-19,0001393311,1837\n
PHM,Pulte Homes Inc.,Consumer Discretionary,Homebuilding,"Atlanta, Georgia",1984-04-30,0000822416,1837\n
PVH,PVH Corp.,Consumer Discretionary,"Apparel, Accessories & Luxury Goods","New York, New York",2013-02-15,0000078239,1837\n
QRVO,Qorvo,Information Technology,Semiconductors,"Greensboro, North Carolina",2015-06-11,0001604778,1837\n
QCOM,QUALCOMM Inc.,Information Technology,Semiconductors,"San Diego, California",,0000804328,1985\n
PWR,Quanta Services Inc.,Industrials,Construction & Engineering,"Houston, Texas",2009-07-01,0001050915,1837\n
DGX,Quest Diagnostics,Health Care,Health Care Services,"Madison, New Jersey",2002-12-12,0001022079,1985\n
RL,Ralph Lauren Corporation,Consumer Discretionary,"Apparel, Accessories & Luxury Goods","New York, New York",2007-02-02,0001037038,1985\n
RJF,Raymond James Financial Inc.,Financials,Investment Banking & Brokerage,"St. Petersburg, Florida",2017-03-20,0000720005,1985\n
RTN,Raytheon Co.,Industrials,Aerospace & Defense,"Waltham, Massachusetts",,0001047122,1922\n
O,Realty Income Corporation,Real Estate,Retail REITs,"San Diego, California",2015-04-07,0000726728,1922\n
RHT,Red Hat Inc.,Information Technology,Systems Software,"Raleigh, North Carolina",2009-07-27,0001087423,1922\n
REG,Regency Centers Corporation,Real Estate,Retail REITs,"Jacksonville, Florida",2017-03-02,0000910606,1922\n
REGN,Regeneron,Health Care,Biotechnology,"Tarrytown, New York",2013-05-01,0000872589,1922\n
RF,Regions Financial Corp.,Financials,Regional Banks,"Birmingham, Alabama",1998-08-28,0001281761,1922\n
RSG,Republic Services Inc,Industrials,Environmental & Facilities Services,"Phoenix, Arizona",2008-12-05,0001060391,1922\n
RMD,ResMed,Health Care,Health Care Equipment,"San Diego, California",2017-07-26,0000943819,1922\n
RHI,Robert Half International,Industrials,Human Resource & Employment Services,"Menlo Park, California",2000-12-05,0000315213,1922\n
ROK,Rockwell Automation Inc.,Industrials,Electrical Components & Equipment,"Milwaukee, Wisconsin",,0001024478,1922\n
ROL,Rollins Inc.,Industrials,Environmental & Facilities Services,"Atlanta, Georgia",2018-10-01,0000084839,1922\n
ROP,Roper Technologies,Industrials,Industrial Conglomerates,"Sarasota, Florida",2009-12-23,0000882835,1922\n
ROST,Ross Stores,Consumer Discretionary,Apparel Retail,"Pleasanton, California",2009-12-21,0000745732,1922\n
RCL,Royal Caribbean Cruises Ltd,Consumer Discretionary,"Hotels, Resorts & Cruise Lines","Miami, Florida",2014-12-05,0000884887,1922\n
SPGI,"S&P Global, Inc.",Financials,Financial Exchanges & Data,"New York, New York",,0000064040,1866\n
CRM,Salesforce.com,Information Technology,Internet Software & Services,"San Francisco, California",2008-09-15,0001108524,1922\n
SBAC,SBA Communications,Real Estate,Specialized REITs,"Boca Raton, Florida",2017-09-01,0001034054,1922\n
SLB,Schlumberger Ltd.,Energy,Oil & Gas Equipment & Services,Kingdom of the Netherlands,1965-03-31,0000087347,1926\n
STX,Seagate Technology,Information Technology,"Technology Hardware, Storage & Peripherals","Dublin, Ireland",2012-07-02,0001137789,1926\n
SEE,Sealed Air,Materials,Paper Packaging,"Elmwood Park, New Jersey",,0001012100,1926\n
SRE,Sempra Energy,Utilities,Multi-Utilities,"San Diego, California",,0001032208,1926\n
SHW,Sherwin-Williams,Materials,Specialty Chemicals,"Cleveland, Ohio",1964-06-30,0000089800,1866\n
SPG,Simon Property Group Inc,Real Estate,Retail REITs,"Indianapolis, Indiana",2002-06-26,0001063761,1866\n
SWKS,Skyworks Solutions,Information Technology,Semiconductors,"Woburn, Massachusetts",2015-03-12,0000004127,1866\n
SLG,SL Green Realty,Real Estate,Office REITs,"New York, New York",2015-03-20,0001040971,1866\n
SNA,Snap-on,Industrials,Industrial Machinery,"Kenosha, Wisconsin",1982-09-30,0000091440,1866\n
SO,Southern Co.,Utilities,Electric Utilities,"Atlanta, Georgia",,0000092122,1866\n
LUV,Southwest Airlines,Industrials,Airlines,"Dallas, Texas",1994-07-01,0000092380,1866\n
SWK,Stanley Black & Decker,Industrials,Industrial Machinery,"New Britain, Connecticut",1982-09-30,0000093556,1866\n
SBUX,Starbucks Corp.,Consumer Discretionary,Restaurants,"Seattle, Washington",,0000829224,1971\n
STT,State Street Corp.,Financials,Asset Management & Custody Banks,"Boston, Massachusetts",,0000093751,1971\n
SYK,Stryker Corp.,Health Care,Health Care Equipment,"Kalamazoo, Michigan",2000-12-12,0000310764,1971\n
STI,SunTrust Banks,Financials,Regional Banks,"Atlanta, Georgia",1988-05-31,0000750556,1971\n
SIVB,SVB Financial,Financials,Regional Banks,"Santa Clara, California",2018-03-19,0000719739,1971\n
SYMC,Symantec Corp.,Information Technology,Application Software,"Mountain View, California",2003-03-25,0000849399,1971\n
SYF,Synchrony Financial,Financials,Consumer Finance,"Stamford, Connecticut",2015-11-18,0001601712,1971\n
SNPS,Synopsys Inc.,Information Technology,Application Software,"Mountain View, California",2017-03-16,0000883241,1971\n
SYY,Sysco Corp.,Consumer Staples,Food Distributors,"Houston, Texas",1986-12-31,0000096021,1971\n
TROW,T. Rowe Price Group,Financials,Asset Management & Custody Banks,"Baltimore, Maryland",,0001113169,1937\n
TTWO,Take-Two Interactive,Communication Services,Interactive Home Entertainment,"New York, New York",2018-03-19,0000946581,1937\n
TPR,"Tapestry, Inc.",Consumer Discretionary,"Apparel, Accessories & Luxury Goods","New York, New York",,0001116132,2017\n
TGT,Target Corp.,Consumer Discretionary,General Merchandise Stores,"Minneapolis, Minnesota",1976-12-31,0000027419,2017\n
TEL,TE Connectivity Ltd.,Information Technology,Electronic Manufacturing Services,"Schaffhausen, Switzerland",2011-10-17,0001385157,2017\n
FTI,TechnipFMC,Energy,Oil & Gas Equipment & Services,United Kingdom,2009-06-05,0001681459,2017\n
TFX,Teleflex,Health Care,Health Care Equipment,"Wayne, Pennsylvania",2019-01-18,0000096943,1943\n
TXN,Texas Instruments,Information Technology,Semiconductors,"Dallas, Texas",,0000097476,1930\n
TXT,Textron Inc.,Industrials,Aerospace & Defense,"Providence, Rhode Island",1978-12-31,0000217346,1930\n
BK,The Bank of New York Mellon Corp.,Financials,Asset Management & Custody Banks,"New York, New York",1995-03-31,0001390777,2017\n
CLX,The Clorox Company,Consumer Staples,Household Products,"Oakland, California",1969-03-31,0000021076,1913\n
COO,The Cooper Companies,Health Care,Health Care Supplies,"Pleasanton, California",2016-09-23,0000711404,1823\n
HSY,The Hershey Company,Consumer Staples,Packaged Foods & Meats,"Hershey, Pennsylvania",,0000047111,1894\n
MOS,The Mosaic Company,Materials,Fertilizers & Agricultural Chemicals,"Plymouth, Minnesota",2011-09-26,0001285785,1935\n
TRV,The Travelers Companies Inc.,Financials,Property & Casualty Insurance,"New York, New York",2002-08-21,0000086312,2006\n
DIS,The Walt Disney Company,Communication Services,Movies & Entertainment,"Burbank, California",1976-06-30,0001001039,1980\n
TMO,Thermo Fisher Scientific,Health Care,Health Care Equipment,"Waltham, Massachusetts",,0000097745,2006\n
TIF,Tiffany & Co.,Consumer Discretionary,"Apparel, Accessories & Luxury Goods","New York, New York",2000-06-21,0000098246,2006\n
TJX,TJX Companies Inc.,Consumer Discretionary,Apparel Retail,"Framingham, Massachusetts",1985-09-30,0000109198,2006\n
TMK,Torchmark Corp.,Financials,Life & Health Insurance,"McKinney, Texas",1989-04-30,0000320335,2006\n
TSS,Total System Services,Information Technology,Internet Software & Services,"Columbus, Georgia",2008-01-02,0000721683,2006\n
TSCO,Tractor Supply Company,Consumer Discretionary,Specialty Stores,"Brentwood, Tennessee",2014-01-24,0000916365,2006\n
TDG,TransDigm Group,Industrials,Aerospace & Defense,"Cleveland, Ohio",2016-06-03,0001260221,2006\n
TRIP,TripAdvisor,Communication Services,Interactive Media & Services,"Newton, Massachusetts",2011-12-21,0001526520,2006\n
TWTR,"Twitter, Inc.",Communication Services,Interactive Media & Services,"San Francisco, California",2018-06-07,0001418091,2006\n
TSN,Tyson Foods,Consumer Staples,Packaged Foods & Meats,"Springdale, Arkansas",,0000100493,2006\n
USB,U.S. Bancorp,Financials,Diversified Banks,"Minneapolis, Minnesota",,0000036104,1968\n
UDR,UDR Inc,Real Estate,Residential REITs,"Highlands Ranch, Colorado",2016-03-07,0000074208,2006\n
ULTA,Ulta Beauty,Consumer Discretionary,Specialty Stores,"Bolingbrook, Illinois",2016-04-18,0001403568,2006\n
UAA,Under Armour Class A,Consumer Discretionary,"Apparel, Accessories & Luxury Goods","Baltimore, Maryland",2016-03-25,0001336917,1968\n
UA,Under Armour Class C,Consumer Discretionary,"Apparel, Accessories & Luxury Goods","Baltimore, Maryland",2014-05-01,0001336917,1968\n
UNP,Union Pacific,Industrials,Railroads,"Omaha, Nebraska",,0000100885,1968\n
UAL,United Continental Holdings,Industrials,Airlines,"Chicago, Illinois",2015-09-03,0000100517,1968\n
UNH,United Health Group Inc.,Health Care,Managed Health Care,"Minnetonka, Minnesota",1994-07-01,0000731766,1968\n
UPS,United Parcel Service,Industrials,Air Freight & Logistics,"Atlanta, Georgia",2002-07-22,0001090727,1968\n
URI,"United Rentals, Inc.",Industrials,Trading Companies & Distributors,"Stamford, Connecticut",2014-09-20,0001067701,1968\n
UTX,United Technologies,Industrials,Aerospace & Defense,"Hartford, Connecticut",,0000101829,1968\n
UHS,"Universal Health Services, Inc.",Health Care,Health Care Facilities,"King of Prussia, Pennsylvania",2014-09-20,0000352915,1968\n
UNM,Unum Group,Financials,Life & Health Insurance,"Chattanooga, Tennessee",1994-03-01,0000005513,1968\n
VFC,V.F. Corp.,Consumer Discretionary,"Apparel, Accessories & Luxury Goods","Greensboro, North Carolina",1979-06-30,0000103379,1968\n
VLO,Valero Energy,Energy,Oil & Gas Refining & Marketing,"San Antonio, Texas",,0001035002,1980\n
VAR,Varian Medical Systems,Health Care,Health Care Equipment,"Palo Alto, California",2007-02-12,0000203527,1980\n
VTR,Ventas Inc,Real Estate,Health Care REITs,"Chicago, Illinois",2009-03-04,0000740260,1980\n
VRSN,Verisign Inc.,Information Technology,Internet Services & Infrastructure,"Dulles, Virginia",2006-02-01,0001014473,1980\n
VRSK,Verisk Analytics,Industrials,Research & Consulting Services,"Jersey City, New Jersey",2015-10-08,0001442145,1980\n
VZ,Verizon Communications,Communication Services\n,Integrated Telecommunication Services,"New York, New York",1983-11-30,0000732712,1980\n
VRTX,Vertex Pharmaceuticals Inc,Health Care,Biotechnology,"Cambridge, Massachusetts",2013-09-23,0000875320,1980\n
VIAB,Viacom Inc.,Communication Services,Movies & Entertainment,"New York, New York",,0001339947,1980\n
V,Visa Inc.,Information Technology,IT Services,"San Francisco, California",2009-12-21,0001403161,1980\n
VNO,Vornado Realty Trust,Real Estate,Office REITs,"New York, New York",,0000899689,1980\n
VMC,Vulcan Materials,Materials,Construction Materials,"Birmingham, Alabama",1999-06-30,0001396009,1980\n
WAB,Wabtec Corporation,Industrials,Construction Machinery & Heavy Trucks,"Wilmerding, Pennsylvania",2019-02-27,0000943452,1980\n
WBA,Walgreens Boots Alliance,Consumer Staples,Drug Retail,"Deerfield, Illinois",1979-12-31,0001618921,1980\n
WMT,Walmart,Consumer Staples,Hypermarkets & Super Centers,"Bentonville, Arkansas",1982-08-31,0000104169,1980\n
WM,Waste Management Inc.,Industrials,Environmental & Facilities Services,"Houston, Texas",,0000823768,1968\n
WAT,Waters Corporation,Health Care,Health Care Distributors,"Milford, Massachusetts",,0001000697,1958\n
WEC,Wec Energy Group Inc,Utilities,Electric Utilities,"Milwaukee, Wisconsin",2008-10-31,0000783325,1958\n
WCG,WellCare,Health Care,Managed Health Care,"Tampa, Florida",1985,0001279363,1958\n
WFC,Wells Fargo,Financials,Diversified Banks,"San Francisco, California",1976-06-30,0000072971,1958\n
WELL,Welltower Inc.,Real Estate,Health Care REITs,"Toledo, Ohio",2009-01-30,0000766704,1958\n
WDC,Western Digital,Information Technology,"Technology Hardware, Storage & Peripherals","Irvine, California",2009-07-01,0000106040,1958\n
WU,Western Union Co,Information Technology,Internet Software & Services,"Englewood, Colorado",,0001365135,1851\n
WRK,WestRock,Materials,Paper Packaging,"Richmond, Virginia",,0001636023,1851\n
WY,Weyerhaeuser,Real Estate,Specialized REITS,"Federal Way, Washington",,0000106535,1851\n
WHR,Whirlpool Corp.,Consumer Discretionary,Household Appliances,"Benton Harbor, Michigan",,0000106640,1911\n
WMB,Williams Cos.,Energy,Oil & Gas Storage & Transportation,"Tulsa, Oklahoma",1975-03-31,0000107263,1911\n
WLTW,Willis Towers Watson,Financials,Insurance Brokers,"London, United Kingdom",2016-01-05,0001140536,1911\n
WYNN,Wynn Resorts Ltd,Consumer Discretionary,Casinos & Gaming,"Paradise, Nevada",2008-11-14,0001174922,1911\n
XEL,Xcel Energy Inc,Utilities,Multi-Utilities,"Minneapolis, Minnesota",,0000072903,1909\n
XRX,Xerox,Information Technology,"Technology Hardware, Storage & Peripherals","Norwalk, Connecticut",,0000108772,1906\n
XLNX,Xilinx,Information Technology,Semiconductors,"San Jose, California",1999-11-08,0000743988,1906\n
XYL,Xylem Inc.,Industrials,Industrial Machinery,"White Plains, New York",2011-11-01,0001524472,1906\n
YUM,Yum! Brands Inc,Consumer Discretionary,Restaurants,"Louisville, Kentucky",1997-10-06,0001041061,1906\n
ZBH,Zimmer Biomet Holdings,Health Care,Health Care Equipment,"Warsaw, Indiana",2001-08-07,0001136869,1906\n
ZION,Zions Bancorp,Financials,Regional Banks,"Salt Lake City, Utah",2001-06-22,0000109380,1906\n
ZTS,Zoetis,Health Care,Pharmaceuticals,"Florham Park, New Jersey",2013-06-21,0001555280,1906\n
